{
    "name_object_predict": "job_performance",
    "address": "DecisionTreeModel/model_v30.joblib",
    "feature_engineering_details_address": "DecisionTreeModel/feature_engineering_v30.json",
    "architecture": "DecisionTreeModel",
    "accuracy_results": {
        "mean": 0.32,
        "std": 0.10295630140987
    },
    "f1_score_results": {
        "mean": 0.30818697642227055,
        "std": 0.10082810499749986
    },
    "precision_results": {
        "mean": 0.31285714285714283,
        "std": 0.10478763512784593
    },
    "recall_results": {
        "mean": 0.3111111111111111,
        "std": 0.10038506110884807
    },
    "t_test_results_accuracy": {
        "t_stat": 2.434317165998549,
        "p_value": 0.07164628461940854
    },
    "t_test_results_f1_score": {
        "t_stat": -1.7495677877882212,
        "p_value": 0.15509448710273632
    },
    "confidence_level_accuracy": 92.83537153805914,
    "confidence_level_f1_score": 84.49055128972637,
    "num_all_samples": 100,
    "num_features": 6,
    "split_test": 20,
    "n_splits_t_test": 5,
    "number_of_labels": 3,
    "model_evaluation_date": "2025-04-22T00:40:16.403143",
    "version": "v30",
    "exam_id": 1,
    "job_id": 1
}